id, category_id, title, content, img_url, create_date, enable
1, 1, Test Post 1, Content Text, https://i.pinimg.com/564x/93/b0/a4/93b0a4d55bd15e6cebd18adba0b47f22.jpg, 2020-09-14 08:00:00, 1
2, 2, Test Post 2, Content Text, https://i.pinimg.com/564x/93/b0/a4/93b0a4d55bd15e6cebd18adba0b47f22.jpg, 2020-09-14 09:00:00, 1
3, 3, Test Post 3, Content Text, https://i.pinimg.com/564x/93/b0/a4/93b0a4d55bd15e6cebd18adba0b47f22.jpg, 2020-09-14 10:00:00, 1
4, 4, Test Post 4, Content Text, https://i.pinimg.com/564x/93/b0/a4/93b0a4d55bd15e6cebd18adba0b47f22.jpg, 2020-09-14 11:00:00, 1
5, 5, Test Post 5, Content Text, https://i.pinimg.com/564x/93/b0/a4/93b0a4d55bd15e6cebd18adba0b47f22.jpg, 2020-09-14 12:00:00, 1
6, 1, Test Post 6, Content Text, https://i.pinimg.com/564x/93/b0/a4/93b0a4d55bd15e6cebd18adba0b47f22.jpg, 2020-09-15 08:00:00, 1
7, 2, Test Post 7, Content Text, https://i.pinimg.com/564x/93/b0/a4/93b0a4d55bd15e6cebd18adba0b47f22.jpg, 2020-09-15 09:00:00, 1
8, 3, Test Post 8, Content Text, https://i.pinimg.com/564x/93/b0/a4/93b0a4d55bd15e6cebd18adba0b47f22.jpg, 2020-09-15 10:00:00, 1
9, 4, Test Post 9, Content Text, https://i.pinimg.com/564x/93/b0/a4/93b0a4d55bd15e6cebd18adba0b47f22.jpg, 2020-09-15 11:00:00, 1
10, 5, Test Post 10, Content Text, https://i.pinimg.com/564x/93/b0/a4/93b0a4d55bd15e6cebd18adba0b47f22.jpg, 2020-09-15 12:00:00, 1